{"valid_eer": 4.6871686108165385, "loss": 0.22918628377126143, "_timestamp": 1714521679.6915174, "_runtime": 50101.81571626663, "_step": 29, "_wandb": {"runtime": 50101}}